{"5": 0.0, "10": 0.001990079879760742, "15": 0.004001617431640625, "20": 0.006982088088989258, "25": 0.008939027786254883, "30": 0.03016805648803711, "40": 0.061426401138305664, "50": 0.1322488784790039, "60": 0.32309842109680176, "70": 0.47478556632995605}