{"5": 0.001024007797241211, "10": 0.000997304916381836, "15": 0.003986835479736328, "20": 0.00752711296081543, "25": 0.018096208572387695, "30": 0.031707763671875, "40": 0.07082343101501465, "50": 0.1800251007080078, "60": 0.21258997917175293, "70": 0.46732258796691895, "80": 0.7225625514984131, "90": 1.2107713222503662, "100": 1.74910569190979}